Iteracion,Mejor Aptitud,Velocidad promedio,Tiempo espera promedio
0,-19.970798004504434,4.934781394637194,24.90557939914163
1,-231.0124305104937,1.1792719215521141,232.1917024320458
