Iteracion,Mejor Aptitud,Velocidad promedio,Tiempo espera promedio
0,-404.4520619332258,1.3675158018989642,405.81957773512477
1,-53.20107070465611,5.063804535267114,58.26487523992323
