Iteracion,Mejor Aptitud,Velocidad promedio,Tiempo espera promedio
0,-163.00882709728683,2.2416233531636136,165.25045045045044
1,-120.8243708391634,2.5449985302059797,123.36936936936937
