Iteracion,Mejor Aptitud,Velocidad promedio,Tiempo espera promedio
0,-164.85716838605865,1.5076384808941454,166.3648068669528
1,-164.85716838605865,1.5076384808941454,166.3648068669528
